class,x1,y1,z1,v1,x2,y2,z2,v2,x3,y3,z3,v3,x4,y4,z4,v4,x5,y5,z5,v5,x6,y6,z6,v6,x7,y7,z7,v7,x8,y8,z8,v8,x9,y9,z9,v9,x10,y10,z10,v10,x11,y11,z11,v11,x12,y12,z12,v12,x13,y13,z13,v13,x14,y14,z14,v14,x15,y15,z15,v15,x16,y16,z16,v16,x17,y17,z17,v17,x18,y18,z18,v18,x19,y19,z19,v19,x20,y20,z20,v20,x21,y21,z21,v21
01,0.37621673941612244,0.892162024974823,5.274245040709502e-08,0.0,0.37787339091300964,0.8537074327468872,0.004577228799462318,0.0,0.3910125494003296,0.8281165361404419,0.004425844177603722,0.0,0.40544965863227844,0.8092271685600281,0.004557377193123102,0.0,0.41485902667045593,0.7981061935424805,0.004368032794445753,0.0,0.39805299043655396,0.8318032026290894,-0.009830617345869541,0.0,0.41978371143341064,0.8117873072624207,-0.012299751862883568,0.0,0.4322720468044281,0.8027485013008118,-0.01173130888491869,0.0,0.4416309893131256,0.7960140109062195,-0.010274539701640606,0.0,0.40504804253578186,0.852554202079773,-0.011450684629380703,0.0,0.42720669507980347,0.8270719051361084,-0.012387854978442192,0.0,0.4385722875595093,0.8142017722129822,-0.009625386446714401,0.0,0.44601842761039734,0.803438663482666,-0.007243160158395767,0.0,0.411333829164505,0.8729669451713562,-0.011441504582762718,0.0,0.430942177772522,0.8464934825897217,-0.010716354474425316,0.0,0.43976178765296936,0.8311384320259094,-0.006724920589476824,0.0,0.4441383183002472,0.8202773928642273,-0.003605176927521825,0.0,0.41576695442199707,0.8916775584220886,-0.010658472776412964,0.0,0.43109822273254395,0.8687634468078613,-0.007694036699831486,0.0,0.43690547347068787,0.8541552424430847,-0.00314072472974658,0.0,0.43991559743881226,0.8432074189186096,0.0005371011793613434,0.0
01,0.3709200620651245,0.881766140460968,3.999918263275504e-08,0.0,0.3704238533973694,0.8394569754600525,0.012432736344635487,0.0,0.38189497590065,0.8090247511863708,0.01788710430264473,0.0,0.394534170627594,0.7886549234390259,0.022450335323810577,0.0,0.40162670612335205,0.7720005512237549,0.02710328996181488,0.0,0.3916367292404175,0.8057109713554382,0.004284933675080538,0.0,0.41152530908584595,0.7817871570587158,0.007180338259786367,0.0,0.42189452052116394,0.7706775069236755,0.011941634118556976,0.0,0.429212749004364,0.7624292969703674,0.016679057851433754,0.0,0.4001311659812927,0.8235456943511963,0.0014982600696384907,0.0,0.41999587416648865,0.7937148809432983,0.004393226932734251,0.0,0.42971712350845337,0.7786266207695007,0.010382717475295067,0.0,0.4361456036567688,0.7658739686012268,0.016259348019957542,0.0,0.4073059856891632,0.8425070643424988,0.0005522638675756752,0.0,0.42441773414611816,0.8141406178474426,0.004585158545523882,0.0,0.4321841299533844,0.7968834638595581,0.011417745612561703,0.0,0.4359031319618225,0.7844346761703491,0.017538120970129967,0.0,0.4125034213066101,0.8615322709083557,0.001046344987116754,0.0,0.4251508116722107,0.8367027044296265,0.008216776885092258,0.0,0.4305550158023834,0.8212339282035828,0.015577984973788261,0.0,0.43358391523361206,0.8091109991073608,0.02198418416082859,0.0
01,0.3664703369140625,0.8623130917549133,6.574126132363745e-08,0.0,0.3633742928504944,0.8217757940292358,0.007430165074765682,0.0,0.3742157518863678,0.788040280342102,0.01165285985916853,0.0,0.3855946362018585,0.7620933651924133,0.015076473355293274,0.0,0.3923824429512024,0.742913544178009,0.01876228116452694,0.0,0.3846481144428253,0.782906174659729,0.00767252454534173,0.0,0.4030364453792572,0.7537263035774231,0.010760584846138954,0.0,0.4123668670654297,0.7404620051383972,0.01378073450177908,0.0,0.41886961460113525,0.7314460873603821,0.0166631992906332,0.0,0.39428016543388367,0.7982392311096191,0.005867242347449064,0.0,0.41156768798828125,0.7640252709388733,0.010007129982113838,0.0,0.41994988918304443,0.7468541860580444,0.013107978738844395,0.0,0.425676167011261,0.7347044944763184,0.01579486019909382,0.0,0.4018549621105194,0.8145456910133362,0.004813253879547119,0.0,0.4172288179397583,0.7814697027206421,0.00939581636339426,0.0,0.4241262972354889,0.7636610865592957,0.012689477764070034,0.0,0.4278479516506195,0.7509287595748901,0.015142716467380524,0.0,0.40733107924461365,0.8309965133666992,0.004436885472387075,0.0,0.41894155740737915,0.8034114837646484,0.01068892702460289,0.0,0.4241785407066345,0.7881296873092651,0.015361207537353039,0.0,0.4268490672111511,0.7757633924484253,0.018977360799908638,0.0
01,0.36697086691856384,0.8447209596633911,4.185437774140155e-08,0.0,0.3608890175819397,0.8035602569580078,0.005181914195418358,0.0,0.3696558177471161,0.7684764862060547,0.00808364525437355,0.0,0.37965720891952515,0.7400453686714172,0.010425923392176628,0.0,0.38035017251968384,0.7192617058753967,0.012754947878420353,0.0,0.37998998165130615,0.7626603841781616,0.0047814128920435905,0.0,0.39498668909072876,0.7295856475830078,0.006098434329032898,0.0,0.4025558829307556,0.7134634852409363,0.007605480030179024,0.0,0.40768012404441833,0.7025955319404602,0.009127164259552956,0.0,0.39013800024986267,0.7759912610054016,0.0029272574465721846,0.0,0.40368422865867615,0.7384034991264343,0.005104452837258577,0.0,0.4105158746242523,0.719576895236969,0.006438776850700378,0.0,0.41514548659324646,0.7061448097229004,0.007400690112262964,0.0,0.3984159231185913,0.7904700040817261,0.001584204495884478,0.0,0.41037872433662415,0.7539010047912598,0.003998870030045509,0.0,0.4163433611392975,0.7344093918800354,0.005112630780786276,0.0,0.41978222131729126,0.7199137806892395,0.005613887682557106,0.0,0.40482503175735474,0.804768979549408,0.0007822962361387908,0.0,0.41347599029541016,0.7750926613807678,0.004051413852721453,0.0,0.4183068573474884,0.7586835622787476,0.006291493307799101,0.0,0.42131611704826355,0.7450402975082397,0.00780724361538887,0.0
01,0.36701634526252747,0.8310071229934692,6.17069488839661e-08,0.0,0.35641050338745117,0.7930267453193665,0.0032706130295991898,0.0,0.3605232238769531,0.7552409172058105,0.004590975120663643,0.0,0.36720338463783264,0.7236549258232117,0.0055325995199382305,0.0,0.36480265855789185,0.7018060088157654,0.006382140796631575,0.0,0.37426283955574036,0.7453429698944092,0.002087293192744255,0.0,0.38658761978149414,0.7091682553291321,0.002146058948710561,0.0,0.3932538628578186,0.6915823221206665,0.0026600072160363197,0.0,0.3982154428958893,0.679473876953125,0.0034435312263667583,0.0,0.3860023319721222,0.7556583881378174,0.00031031042453832924,0.0,0.3966556489467621,0.7147122025489807,0.0010653543286025524,0.0,0.4025316834449768,0.6926707625389099,0.0015592275885865092,0.0,0.40699949860572815,0.6763462424278259,0.002012239769101143,0.0,0.3955460786819458,0.768592894077301,-0.0010825038189068437,0.0,0.40472742915153503,0.7288341522216797,-2.5420455131097697e-05,0.0,0.4095078110694885,0.707501232624054,0.000613990006968379,0.0,0.412958025932312,0.6911402940750122,0.0009100319584831595,0.0,0.4030669331550598,0.7825115919113159,-0.0020793257281184196,0.0,0.4098408818244934,0.7504932284355164,8.657976286485791e-05,0.0,0.41352665424346924,0.7329394817352295,0.0020739848259836435,0.0,0.4163275361061096,0.7178264260292053,0.0034959048498421907,0.0
01,0.36608418822288513,0.8206548690795898,7.509112265324802e-08,0.0,0.35462984442710876,0.7835262417793274,0.002806702395901084,0.0,0.35403746366500854,0.7440362572669983,0.003657778026536107,0.0,0.35565105080604553,0.7113021612167358,0.004160294309258461,0.0,0.3499470353126526,0.6940051317214966,0.004306425806134939,0.0,0.3708561956882477,0.7326701283454895,0.00021642314095515758,0.0,0.3816092312335968,0.6934925317764282,-0.0008898230735212564,0.0,0.3877865970134735,0.673545777797699,-0.0013925278326496482,0.0,0.3923839032649994,0.6584666967391968,-0.001389315351843834,0.0,0.3828023374080658,0.7412558794021606,-0.0016949742566794157,0.0,0.39199215173721313,0.697457492351532,-0.0019620941020548344,0.0,0.39715689420700073,0.6722882986068726,-0.0020598978735506535,0.0,0.40059319138526917,0.653238832950592,-0.002065852051600814,0.0,0.3925800323486328,0.7533769011497498,-0.003183566965162754,0.0,0.4001804292201996,0.7114718556404114,-0.003266901709139347,0.0,0.4041403532028198,0.6877650618553162,-0.003462777705863118,0.0,0.4063437283039093,0.6699549555778503,-0.0036298499908298254,0.0,0.4006480574607849,0.7675628662109375,-0.004217337816953659,0.0,0.4065629243850708,0.7344244122505188,-0.0037281278055161238,0.0,0.4098999500274658,0.7151944637298584,-0.0026194287929683924,0.0,0.4121656119823456,0.6991422176361084,-0.0016682263230904937,0.0
01,0.3661360740661621,0.8108114004135132,9.543330037331543e-08,0.0,0.3520546555519104,0.7751351594924927,0.0015216573374345899,0.0,0.34870168566703796,0.7370967864990234,0.0010949954157695174,0.0,0.3466888964176178,0.7052027583122253,0.00039621119503863156,0.0,0.3385957181453705,0.6894762516021729,-0.0006251841550692916,0.0,0.36885446310043335,0.7192106246948242,-0.0011179588036611676,0.0,0.3788177967071533,0.6779710054397583,-0.0028289686888456345,0.0,0.3846893906593323,0.655597984790802,-0.0038530356250703335,0.0,0.38908156752586365,0.638368546962738,-0.00422813231125474,0.0,0.38094210624694824,0.7271760702133179,-0.002801168244332075,0.0,0.38909611105918884,0.6816684007644653,-0.003294519614428282,0.0,0.3932695686817169,0.6555337309837341,-0.0034355707466602325,0.0,0.3963581919670105,0.6355066299438477,-0.0035113815683871508,0.0,0.39096856117248535,0.7386128306388855,-0.004172447137534618,0.0,0.3973219096660614,0.69561368227005,-0.003977705724537373,0.0,0.40051764249801636,0.6711193323135376,-0.0037650377489626408,0.0,0.40239161252975464,0.6525545120239258,-0.003808582667261362,0.0,0.39933550357818604,0.7518145442008972,-0.005321785341948271,0.0,0.40449535846710205,0.7185968160629272,-0.004478681832551956,0.0,0.40713465213775635,0.6992427706718445,-0.00291266362182796,0.0,0.40896719694137573,0.6824578046798706,-0.001694217906333506,0.0
01,0.367089182138443,0.8018480539321899,1.110481520072426e-07,0.0,0.35227274894714355,0.7674819231033325,0.0009074760018847883,0.0,0.3455754220485687,0.7315179109573364,-0.00044232813525013626,0.0,0.33908212184906006,0.7017730474472046,-0.0021325768902897835,0.0,0.328267902135849,0.6918162703514099,-0.004189268685877323,0.0,0.36713072657585144,0.707679033279419,-0.001562013290822506,0.0,0.3753622770309448,0.665672779083252,-0.002871733857318759,0.0,0.3803177773952484,0.6424978375434875,-0.0038031423464417458,0.0,0.3841429054737091,0.6239450573921204,-0.004371239338070154,0.0,0.3794591426849365,0.7146353125572205,-0.0030326135456562042,0.0,0.38472914695739746,0.6682437658309937,-0.0031853376422077417,0.0,0.388043075799942,0.6410650610923767,-0.003182444255799055,0.0,0.39073503017425537,0.6199001669883728,-0.0033907578326761723,0.0,0.3896903097629547,0.7260549664497375,-0.004198657348752022,0.0,0.39352521300315857,0.6821958422660828,-0.003414270468056202,0.0,0.3961847424507141,0.6575608253479004,-0.003185887588188052,0.0,0.3973824977874756,0.6385447382926941,-0.003427763469517231,0.0,0.3985139727592468,0.7390362024307251,-0.0052512711845338345,0.0,0.40222641825675964,0.7062251567840576,-0.0038235902320593596,0.0,0.4039571285247803,0.6866726279258728,-0.0022062540519982576,0.0,0.4048929512500763,0.6696416139602661,-0.0011476880172267556,0.0
01,0.36695340275764465,0.7936596870422363,1.0396241378884952e-07,0.0,0.35215404629707336,0.7589970827102661,-0.00017075279902201146,0.0,0.3437920808792114,0.7239219546318054,-0.0026090601459145546,0.0,0.3351573944091797,0.6980864405632019,-0.005556853022426367,0.0,0.3235924243927002,0.6928195357322693,-0.00905088521540165,0.0,0.3654608428478241,0.6990450024604797,-0.003184265922755003,0.0,0.3710024058818817,0.6570667624473572,-0.006229315418750048,0.0,0.3746504485607147,0.632770299911499,-0.00867453496903181,0.0,0.3774847686290741,0.6132986545562744,-0.010477610863745213,0.0,0.37775719165802,0.705079197883606,-0.005463155452162027,0.0,0.3803625702857971,0.659117579460144,-0.007309997919946909,0.0,0.38238418102264404,0.6315404772758484,-0.00886515248566866,0.0,0.3841385543346405,0.6095396280288696,-0.010377929545938969,0.0,0.3880373537540436,0.7160314321517944,-0.00764322467148304,0.0,0.39025598764419556,0.6719121932983398,-0.008717498742043972,0.0,0.3917519152164459,0.6474999189376831,-0.009856178425252438,0.0,0.39173996448516846,0.6283889412879944,-0.011071435175836086,0.0,0.3972606062889099,0.72918301820755,-0.009832535870373249,0.0,0.3999316692352295,0.6962233781814575,-0.010299264453351498,0.0,0.40077725052833557,0.6766448616981506,-0.009880595840513706,0.0,0.40062224864959717,0.6589825749397278,-0.009725512005388737,0.0
01,0.3667412996292114,0.7863006591796875,9.836331571477785e-08,0.0,0.3516820967197418,0.7518802881240845,-7.628367166034877e-05,0.0,0.3426991403102875,0.7176846861839294,-0.0027764528058469296,0.0,0.3331070840358734,0.6935909986495972,-0.0060492330230772495,0.0,0.3213534355163574,0.6903112530708313,-0.01002782117575407,0.0,0.3641323745250702,0.6939864158630371,-0.0045599802397191525,0.0,0.3680039644241333,0.6498693823814392,-0.008340046741068363,0.0,0.3706861138343811,0.6246780157089233,-0.011133579537272453,0.0,0.37273329496383667,0.6047092080116272,-0.013120626099407673,0.0,0.3758193254470825,0.6987202763557434,-0.007056849077343941,0.0,0.3769253194332123,0.6516503691673279,-0.00984262116253376,0.0,0.3779861330986023,0.6236117482185364,-0.011893843300640583,0.0,0.3788703680038452,0.601423978805542,-0.013673990964889526,0.0,0.3860492408275604,0.7089647054672241,-0.00934042688459158,0.0,0.38737139105796814,0.6639336943626404,-0.011076459661126137,0.0,0.3880898356437683,0.6388107538223267,-0.012698212638497353,0.0,0.387210875749588,0.6196249723434448,-0.014187502674758434,0.0,0.3955662250518799,0.7218596935272217,-0.01157466508448124,0.0,0.39739444851875305,0.688351035118103,-0.01266515627503395,0.0,0.39742282032966614,0.6682770252227783,-0.012656575068831444,0.0,0.39650973677635193,0.6504987478256226,-0.012742751277983189,0.0
01,0.3666841983795166,0.779687762260437,8.95373375442432e-08,0.0,0.3510264456272125,0.7451812624931335,0.0017735318979248405,0.0,0.34322047233581543,0.712693989276886,-0.00026986340526491404,0.0,0.3334920108318329,0.6902304887771606,-0.003145411377772689,0.0,0.32198792695999146,0.6873331069946289,-0.0070647685788571835,0.0,0.3632229268550873,0.6901388168334961,-0.004654534626752138,0.0,0.36673474311828613,0.6449217796325684,-0.008823045529425144,0.0,0.36919260025024414,0.6194109320640564,-0.01177767850458622,0.0,0.3711083233356476,0.5989818572998047,-0.013716140761971474,0.0,0.37409669160842896,0.6941808462142944,-0.007357038091868162,0.0,0.3751893639564514,0.6466541886329651,-0.010468630120158195,0.0,0.37604647874832153,0.6181600689888,-0.012416350655257702,0.0,0.3764767646789551,0.5955673456192017,-0.014067835174500942,0.0,0.38444751501083374,0.704397439956665,-0.009569325484335423,0.0,0.38550710678100586,0.6595208644866943,-0.011156849563121796,0.0,0.3857682943344116,0.6335281133651733,-0.012799745425581932,0.0,0.3843812048435211,0.6136536002159119,-0.014333678409457207,0.0,0.39432111382484436,0.7174527049064636,-0.011480027809739113,0.0,0.3957056403160095,0.6836170554161072,-0.012406865134835243,0.0,0.39505839347839355,0.6633970141410828,-0.012495127506554127,0.0,0.39372333884239197,0.6456781625747681,-0.012714842334389687,0.0
01,0.3670554459095001,0.7757025957107544,7.830460191371458e-08,0.0,0.3514530062675476,0.7422878742218018,0.003169183386489749,0.0,0.3434216380119324,0.7107554078102112,0.001561717945151031,0.0,0.33350449800491333,0.6884660124778748,-0.0010407358640804887,0.0,0.322042852640152,0.6855562329292297,-0.004789500962942839,0.0,0.36273857951164246,0.6874687075614929,-0.004173979163169861,0.0,0.36581337451934814,0.6417264342308044,-0.00800412055104971,0.0,0.3678918778896332,0.6159501671791077,-0.010665143840014935,0.0,0.36932408809661865,0.5952758193016052,-0.012427681125700474,0.0,0.3738310635089874,0.6909600496292114,-0.007221945561468601,0.0,0.37440788745880127,0.6425637006759644,-0.010155674070119858,0.0,0.37485939264297485,0.6139785051345825,-0.011892905458807945,0.0,0.37463897466659546,0.591212809085846,-0.013405882753431797,0.0,0.38440802693367004,0.7008357644081116,-0.009555680677294731,0.0,0.3847218155860901,0.6549902558326721,-0.010876740328967571,0.0,0.384664386510849,0.6288309693336487,-0.012352131307125092,0.0,0.38286808133125305,0.6089163422584534,-0.013845228590071201,0.0,0.39447107911109924,0.713454008102417,-0.011397355236113071,0.0,0.39538219571113586,0.6792073845863342,-0.012153832241892815,0.0,0.3945588767528534,0.659174919128418,-0.012143448926508427,0.0,0.3930375874042511,0.6415368318557739,-0.01232702936977148,0.0
01,0.36750108003616333,0.7741407752037048,5.3545335276794503e-08,0.0,0.35217440128326416,0.7405489683151245,0.006097465753555298,0.0,0.3445063829421997,0.709446370601654,0.005839291028678417,0.0,0.3352383077144623,0.6868423819541931,0.004129605833441019,0.0,0.3236407935619354,0.6822649836540222,0.0011237352155148983,0.0,0.36312535405158997,0.6851453185081482,-0.001773964730091393,0.0,0.3654317557811737,0.6393319368362427,-0.0051973056979477406,0.0,0.3673042058944702,0.6136932969093323,-0.00782663282006979,0.0,0.368588924407959,0.5925794839859009,-0.00967190507799387,0.0,0.37396904826164246,0.6886950731277466,-0.006045366637408733,0.0,0.37416353821754456,0.6398930549621582,-0.008732338435947895,0.0,0.3746000826358795,0.6113573312759399,-0.010482784360647202,0.0,0.3741387128829956,0.5881132483482361,-0.012125149369239807,0.0,0.3844906985759735,0.6987826824188232,-0.009371030144393444,0.0,0.38452109694480896,0.652799129486084,-0.010449539870023727,0.0,0.3843660354614258,0.6269174814224243,-0.011777780018746853,0.0,0.3826630711555481,0.6065740585327148,-0.013336628675460815,0.0,0.3949003517627716,0.7118290066719055,-0.011926429346203804,0.0,0.39555105566978455,0.6771433353424072,-0.012512091547250748,0.0,0.39476197957992554,0.6570929884910583,-0.01236798893660307,0.0,0.39366647601127625,0.6387627720832825,-0.01258849911391735,0.0
01,0.36811453104019165,0.7756357192993164,4.053515212376624e-08,0.0,0.35400691628456116,0.7417836785316467,0.0063071767799556255,0.0,0.3469291925430298,0.7096924781799316,0.006676018703728914,0.0,0.33881351351737976,0.6853598356246948,0.005576107185333967,0.0,0.32762375473976135,0.679477334022522,0.003306732513010502,0.0,0.3641134798526764,0.6852304935455322,-0.0007703198934905231,0.0,0.3660089373588562,0.6386721730232239,-0.004000725690275431,0.0,0.3677557110786438,0.6128960847854614,-0.006321518216282129,0.0,0.369070440530777,0.5918567776679993,-0.007903971709311008,0.0,0.37480801343917847,0.6890751123428345,-0.005394152831286192,0.0,0.3748343586921692,0.639668345451355,-0.008222772739827633,0.0,0.3751663565635681,0.6107873320579529,-0.009923096746206284,0.0,0.3748721182346344,0.5873293876647949,-0.011329449713230133,0.0,0.3851848840713501,0.6992511749267578,-0.009154888801276684,0.0,0.38558468222618103,0.6527019739151001,-0.010778130032122135,0.0,0.38552364706993103,0.6262730360031128,-0.012132805772125721,0.0,0.3840406537055969,0.6051216721534729,-0.013469429686665535,0.0,0.39565137028694153,0.7125057578086853,-0.012127740308642387,0.0,0.39640697836875916,0.6767047047615051,-0.013328216969966888,0.0,0.3958183825016022,0.656281054019928,-0.013230899348855019,0.0,0.39485323429107666,0.6374309659004211,-0.0132854413241148,0.0
01,0.3700948655605316,0.7764553427696228,4.006999887451457e-08,0.0,0.3567608892917633,0.7435759902000427,0.0034782865550369024,0.0,0.35093796253204346,0.7108231782913208,0.002765216864645481,0.0,0.34565913677215576,0.6839758157730103,0.001213559415191412,0.0,0.3358486294746399,0.6721776127815247,-0.0011088848114013672,0.0,0.3655771315097809,0.685176432132721,-0.003558357944712043,0.0,0.36735090613365173,0.6397150754928589,-0.00758755300194025,0.0,0.36856362223625183,0.6141045093536377,-0.0099398884922266,0.0,0.369525283575058,0.593823254108429,-0.011330684646964073,0.0,0.37663769721984863,0.6884680390357971,-0.00765634560957551,0.0,0.3786966800689697,0.6392806768417358,-0.010653206147253513,0.0,0.37975558638572693,0.6106780767440796,-0.012167100794613361,0.0,0.38003525137901306,0.5885881781578064,-0.013284945860505104,0.0,0.3870445787906647,0.6978230476379395,-0.011186027899384499,0.0,0.38940003514289856,0.6525087952613831,-0.01327938586473465,0.0,0.39058917760849,0.6261018514633179,-0.014518075622618198,0.0,0.3902805745601654,0.6053786277770996,-0.015709606930613518,0.0,0.3970588147640228,0.711321234703064,-0.01426175981760025,0.0,0.39930859208106995,0.6773936748504639,-0.016194798052310944,0.0,0.3999674320220947,0.6574519872665405,-0.01633700355887413,0.0,0.3998238742351532,0.6395255923271179,-0.016354773193597794,0.0
01,0.37190940976142883,0.7805947661399841,5.050020135399791e-08,0.0,0.36046361923217773,0.7472200393676758,0.0029485858976840973,0.0,0.35656777024269104,0.711674690246582,0.0023286347277462482,0.0,0.3552837073802948,0.6807082891464233,0.0012250479776412249,0.0,0.3472224473953247,0.6658254265785217,-0.00036750404979102314,0.0,0.368813693523407,0.689828097820282,-0.004917510319501162,0.0,0.3705436587333679,0.6435202360153198,-0.009312160313129425,0.0,0.37191513180732727,0.6168527603149414,-0.011460875160992146,0.0,0.3726790249347687,0.5966562032699585,-0.012425129301846027,0.0,0.38026484847068787,0.6949260234832764,-0.008706465363502502,0.0,0.3870597779750824,0.6447480916976929,-0.012225039303302765,0.0,0.39074957370758057,0.6170044541358948,-0.013099131174385548,0.0,0.3928157687187195,0.5972163081169128,-0.013267144560813904,0.0,0.3908850848674774,0.704807698726654,-0.01188628189265728,0.0,0.3975520730018616,0.6579950451850891,-0.014411086216568947,0.0,0.40078872442245483,0.6306711435317993,-0.01460498571395874,0.0,0.40208700299263,0.610145092010498,-0.014633717015385628,0.0,0.40048062801361084,0.7180706858634949,-0.014609345234930515,0.0,0.40550464391708374,0.6827583909034729,-0.015736417844891548,0.0,0.4083215594291687,0.6639711260795593,-0.014287407509982586,0.0,0.4100340008735657,0.648567259311676,-0.012994719669222832,0.0
01,0.3769015967845917,0.7838134765625,-8.097335246759485e-09,0.0,0.36629170179367065,0.7483053207397461,0.0033353196922689676,0.0,0.3642359972000122,0.7124454379081726,0.002442010212689638,0.0,0.3660624027252197,0.6828600764274597,0.0010745031759142876,0.0,0.3644281029701233,0.6616334915161133,-0.0004449805128388107,0.0,0.37433481216430664,0.6922734379768372,-0.006403385195881128,0.0,0.3788018524646759,0.6482487916946411,-0.010424709878861904,0.0,0.3815147876739502,0.6221745014190674,-0.01240670494735241,0.0,0.382404088973999,0.6023187637329102,-0.013246153481304646,0.0,0.38590919971466064,0.7010669112205505,-0.009208395145833492,0.0,0.3996606171131134,0.6602067947387695,-0.011207911185920238,0.0,0.40230995416641235,0.6554452180862427,-0.009595275856554508,0.0,0.4006202220916748,0.6559063196182251,-0.008075076155364513,0.0,0.3971489667892456,0.7137510180473328,-0.011050567962229252,0.0,0.40873658657073975,0.6771438717842102,-0.0114285321906209,0.0,0.408147394657135,0.6727864146232605,-0.006949038710445166,0.0,0.4041069746017456,0.6742118000984192,-0.003771420568227768,0.0,0.40728604793548584,0.7276188135147095,-0.012517578899860382,0.0,0.4146139621734619,0.6953098773956299,-0.010595964267849922,0.0,0.41295114159584045,0.6931042075157166,-0.005053143482655287,0.0,0.4094576835632324,0.6947807669639587,-0.0008118476835079491,0.0
01,0.3813418447971344,0.7899647951126099,-2.628305573182388e-08,0.0,0.37439247965812683,0.7504944801330566,0.003755372716113925,0.0,0.37870484590530396,0.7156740427017212,0.002546205883845687,0.0,0.39250800013542175,0.6972087621688843,0.0006135966395959258,0.0,0.4052957594394684,0.6939818859100342,-0.0019598256330937147,0.0,0.3857414126396179,0.6964997053146362,-0.006872932426631451,0.0,0.39549633860588074,0.6545894145965576,-0.009371365420520306,0.0,0.4016684889793396,0.6308974027633667,-0.010466467589139938,0.0,0.40576231479644775,0.6120663285255432,-0.01144040934741497,0.0,0.3984328508377075,0.706710696220398,-0.010237374342978,0.0,0.4123426079750061,0.6764370203018188,-0.011988046579062939,0.0,0.4092881679534912,0.6875919699668884,-0.009722216054797173,0.0,0.4040404260158539,0.6994326114654541,-0.0077071888372302055,0.0,0.4097524881362915,0.7215110659599304,-0.012411125004291534,0.0,0.41938814520835876,0.6968213319778442,-0.01180263515561819,0.0,0.4151134490966797,0.7059879899024963,-0.006504280027002096,0.0,0.41001254320144653,0.7163506746292114,-0.003117815125733614,0.0,0.41866347193717957,0.7375215291976929,-0.014306982047855854,0.0,0.42485880851745605,0.7134997844696045,-0.011279874481260777,0.0,0.42100951075553894,0.7210649251937866,-0.004926686175167561,0.0,0.4175351858139038,0.7306045293807983,-0.0003595424350351095,0.0
01,0.3874335289001465,0.7966836094856262,-2.0842987780156363e-08,0.0,0.3850403130054474,0.7551095485687256,0.005538236349821091,0.0,0.39476993680000305,0.7236934900283813,0.004963008686900139,0.0,0.40863296389579773,0.7085586786270142,0.0030386566650122404,0.0,0.4212786853313446,0.7070320248603821,0.0005210779490880668,0.0,0.40027064085006714,0.7030960917472839,-0.003923382144421339,0.0,0.4137709140777588,0.6653356552124023,-0.006829284597188234,0.0,0.42276105284690857,0.6451724171638489,-0.008270143531262875,0.0,0.4295520484447479,0.6295852065086365,-0.009308915585279465,0.0,0.4106481671333313,0.7151049971580505,-0.008300088346004486,0.0,0.4273167848587036,0.6918699145317078,-0.009348231367766857,0.0,0.4251629114151001,0.7012306451797485,-0.007022317033261061,0.0,0.41981378197669983,0.7104028463363647,-0.0052751461043953896,0.0,0.42024117708206177,0.7333306074142456,-0.011609907262027264,0.0,0.4309571385383606,0.7177481651306152,-0.009751485660672188,0.0,0.42717528343200684,0.7254853844642639,-0.004363724496215582,0.0,0.42192235589027405,0.7329052090644836,-0.0013897944008931518,0.0,0.4273119270801544,0.7529051303863525,-0.014717009849846363,0.0,0.4339122772216797,0.7377780079841614,-0.01012097205966711,0.0,0.42984792590141296,0.7441225647926331,-0.003613003995269537,0.0,0.4258493483066559,0.7511268854141235,0.0006826225435361266,0.0
01,0.3933826684951782,0.8064277172088623,-4.628297389785985e-08,0.0,0.39311984181404114,0.7631586194038391,0.010383696295320988,0.0,0.40494832396507263,0.733266294002533,0.013047372922301292,0.0,0.4177265763282776,0.7225701808929443,0.013406407088041306,0.0,0.4294024109840393,0.7241811752319336,0.012816970236599445,0.0,0.4112176299095154,0.7115917801856995,0.0036799937952309847,0.0,0.4274137318134308,0.677401602268219,0.003461597952991724,0.0,0.4387008249759674,0.6606674194335938,0.002861029002815485,0.0,0.44775742292404175,0.6472518444061279,0.002084411447867751,0.0,0.4211716651916504,0.7239201664924622,-0.0016353433020412922,0.0,0.43728959560394287,0.7091931104660034,0.0012709510046988726,0.0,0.43430545926094055,0.7206281423568726,0.004346942063421011,0.0,0.42880773544311523,0.72883141040802,0.005713009741157293,0.0,0.42978811264038086,0.7434163093566895,-0.0057299272157251835,0.0,0.4395020008087158,0.7342380881309509,0.0004861369961872697,0.0,0.4355771541595459,0.7423445582389832,0.005588988773524761,0.0,0.43037742376327515,0.7487556338310242,0.007090551778674126,0.0,0.43534228205680847,0.7633358240127563,-0.00936739332973957,0.0,0.44182711839675903,0.7539876699447632,-0.0014344733208417892,0.0,0.43776556849479675,0.7606507539749146,0.004887988790869713,0.0,0.4333415925502777,0.7670202255249023,0.008231301791965961,0.0
01,0.396561861038208,0.8116557598114014,-1.4563190653404945e-08,0.0,0.3984135389328003,0.7686556577682495,0.006716483272612095,0.0,0.4115537106990814,0.7389976978302002,0.008025107905268669,0.0,0.4256332218647003,0.7332864999771118,0.00745892059057951,0.0,0.43761882185935974,0.7412717938423157,0.006278395652770996,0.0,0.4215072989463806,0.7188912630081177,0.0016185108106583357,0.0,0.4406386911869049,0.6900741457939148,0.001775003387592733,0.0,0.45272713899612427,0.6755868792533875,0.00204264372587204,0.0,0.4619516134262085,0.6638694405555725,0.00174384203273803,0.0,0.43107539415359497,0.7340118288993835,-0.0028640548698604107,0.0,0.4476042091846466,0.7259287238121033,-0.0017320606857538223,0.0,0.44279929995536804,0.7355809211730957,0.0004345106426626444,0.0,0.43616610765457153,0.7422490119934082,0.0016520045464858413,0.0,0.4381116032600403,0.7551984786987305,-0.006387489382177591,0.0,0.4476151764392853,0.7514119744300842,-0.002731615910306573,0.0,0.44235923886299133,0.7578696608543396,0.0013453889405354857,0.0,0.43622976541519165,0.7630041241645813,0.002864270471036434,0.0,0.4420989453792572,0.7757818102836609,-0.009746525436639786,0.0,0.44760534167289734,0.7717138528823853,-0.003763752058148384,0.0,0.44285282492637634,0.7773719429969788,0.001728877890855074,0.0,0.43780630826950073,0.7823392748832703,0.004895242862403393,0.0
01,0.3987121880054474,0.8154378533363342,-3.075565757626464e-08,0.0,0.4014231860637665,0.7729014754295349,0.007535566110163927,0.0,0.41518500447273254,0.7441255450248718,0.009532107040286064,0.0,0.42894843220710754,0.7379860877990723,0.009577922523021698,0.0,0.4402180016040802,0.7449446320533752,0.008859201334416866,0.0,0.4288710951805115,0.7256209254264832,0.001976774539798498,0.0,0.4491957724094391,0.7020404934883118,0.002487249206751585,0.0,0.46198949217796326,0.691321074962616,0.0031415813136845827,0.0,0.4717300534248352,0.6825568675994873,0.0031157112680375576,0.0,0.4372887909412384,0.7431521415710449,-0.0026213398668915033,0.0,0.4538740813732147,0.7381385564804077,-0.0012977070873603225,0.0,0.4477958381175995,0.7465142607688904,0.0013374295085668564,0.0,0.43948620557785034,0.7522094249725342,0.0029310761019587517,0.0,0.4421517252922058,0.7659182548522949,-0.006209183018654585,0.0,0.45059049129486084,0.7650502920150757,-0.002721505705267191,0.0,0.4448150396347046,0.7706507444381714,0.0012503927573561668,0.0,0.4377935826778412,0.774884819984436,0.0026747575029730797,0.0,0.4436451196670532,0.786479651927948,-0.009512197226285934,0.0,0.4485144317150116,0.7854012250900269,-0.004382623825222254,0.0,0.4432968199253082,0.7901691198348999,0.00036687415558844805,0.0,0.4373247027397156,0.793754518032074,0.003065936965867877,0.0
01,0.40069910883903503,0.8176867365837097,-4.306310685819881e-08,0.0,0.40438172221183777,0.7730990052223206,0.007978299632668495,0.0,0.4196695387363434,0.745506227016449,0.011168849654495716,0.0,0.43339231610298157,0.7406397461891174,0.012572869658470154,0.0,0.44435450434684753,0.7503162026405334,0.013258415274322033,0.0,0.43447551131248474,0.7287626266479492,0.004205605480819941,0.0,0.45496565103530884,0.7130028605461121,0.00730857253074646,0.0,0.4659363329410553,0.7066029906272888,0.009681991301476955,0.0,0.4743053913116455,0.700738787651062,0.010571230202913284,0.0,0.4423724114894867,0.7487412095069885,0.00029990472830832005,0.0,0.4564841687679291,0.7439961433410645,0.004219687543809414,0.0,0.4498070180416107,0.7493017315864563,0.00721932016313076,0.0,0.44175484776496887,0.7533839344978333,0.008689691312611103,0.0,0.44612425565719604,0.7730938792228699,-0.0024882289581000805,0.0,0.45101606845855713,0.7700563073158264,0.003011733293533325,0.0,0.44511547684669495,0.7746599912643433,0.006095244083553553,0.0,0.43849340081214905,0.7789815068244934,0.006554236635565758,0.0,0.44677406549453735,0.7938575148582458,-0.004895536229014397,0.0,0.44877946376800537,0.7907193303108215,0.001514654722996056,0.0,0.4437302350997925,0.7942331433296204,0.005538242869079113,0.0,0.4380284249782562,0.7980071902275085,0.007443680427968502,0.0
01,0.401054322719574,0.8237429261207581,-8.613587709760395e-08,0.0,0.4036177396774292,0.7784444093704224,0.008523853495717049,0.0,0.41719934344291687,0.7521428465843201,0.012237461283802986,0.0,0.42971786856651306,0.7456221580505371,0.014088218100368977,0.0,0.43904322385787964,0.7512263059616089,0.015650250017642975,0.0,0.4351337254047394,0.73182213306427,0.007008665706962347,0.0,0.4558299779891968,0.7252916097640991,0.011369545012712479,0.0,0.4605678915977478,0.7286884784698486,0.01446261815726757,0.0,0.46183326840400696,0.7293031811714172,0.016014887019991875,0.0,0.4431084394454956,0.7522823810577393,0.0031233555637300014,0.0,0.4568106532096863,0.7528867125511169,0.009469122625887394,0.0,0.4520455300807953,0.759178638458252,0.01242715585976839,0.0,0.4454532265663147,0.7622878551483154,0.013126921840012074,0.0,0.4467204511165619,0.7765297293663025,0.00022031723347026855,0.0,0.4517277479171753,0.7772980332374573,0.007735084742307663,0.0,0.446740061044693,0.7825318574905396,0.01018573809415102,0.0,0.4401267468929291,0.7856817841529846,0.009549564681947231,0.0,0.4474436938762665,0.7970547080039978,-0.0022910572588443756,0.0,0.4494874179363251,0.7972951531410217,0.0053213960491120815,0.0,0.44462788105010986,0.8005233407020569,0.009120396338403225,0.0,0.43844640254974365,0.8027418851852417,0.010527709499001503,0.0
01,0.4021575450897217,0.8240437507629395,-1.1288648238405585e-07,0.0,0.40519118309020996,0.7783800959587097,0.015300742350518703,0.0,0.419182151556015,0.7546058893203735,0.023706167936325073,0.0,0.4308195412158966,0.7457729578018188,0.029658330604434013,0.0,0.4395850598812103,0.7476624250411987,0.03512629494071007,0.0,0.437216579914093,0.7326297760009766,0.017797665670514107,0.0,0.4543849527835846,0.7273662686347961,0.029688633978366852,0.0,0.45933738350868225,0.7299660444259644,0.03661534935235977,0.0,0.46227210760116577,0.7307736873626709,0.03990013524889946,0.0,0.44475507736206055,0.7520376443862915,0.013054302893579006,0.0,0.4552464783191681,0.7574252486228943,0.027126427739858627,0.0,0.44992974400520325,0.7649914622306824,0.031606707721948624,0.0,0.44343066215515137,0.768661379814148,0.031914085149765015,0.0,0.44763070344924927,0.7765546441078186,0.010017115622758865,0.0,0.4517616331577301,0.7801200747489929,0.02424277551472187,0.0,0.4459751844406128,0.7857474684715271,0.026193393394351006,0.0,0.43913260102272034,0.7886750102043152,0.02337796613574028,0.0,0.4488694667816162,0.7970909476280212,0.008009701035916805,0.0,0.44967585802078247,0.7994531393051147,0.019982552155852318,0.0,0.4441162943840027,0.8029851913452148,0.023416215553879738,0.0,0.4376954138278961,0.8052177429199219,0.023397689685225487,0.0
01,0.40357279777526855,0.8225748538970947,-1.0007669004608033e-07,0.0,0.40622571110725403,0.7775070667266846,0.015932980924844742,0.0,0.4199119508266449,0.7538124918937683,0.02511730045080185,0.0,0.43151557445526123,0.7438679337501526,0.03201518952846527,0.0,0.4403756260871887,0.7444284558296204,0.038502514362335205,0.0,0.43813422322273254,0.7332281470298767,0.019092105329036713,0.0,0.4551960527896881,0.7279971241950989,0.03205747902393341,0.0,0.46005621552467346,0.7306128144264221,0.03976975753903389,0.0,0.4628522992134094,0.7309905290603638,0.043605685234069824,0.0,0.4455467164516449,0.7525001764297485,0.014733214862644672,0.0,0.4569992423057556,0.7521151900291443,0.030269844457507133,0.0,0.45251956582069397,0.758601188659668,0.03594440221786499,0.0,0.44626155495643616,0.7626535892486572,0.0370585136115551,0.0,0.44834527373313904,0.7763691544532776,0.012018067762255669,0.0,0.4528586268424988,0.7762032151222229,0.027398020029067993,0.0,0.44696539640426636,0.7815991044044495,0.02967887930572033,0.0,0.4403419494628906,0.7851993441581726,0.026949919760227203,0.0,0.4497593939304352,0.7964443564414978,0.010415478609502316,0.0,0.4502870738506317,0.7958196401596069,0.022901475429534912,0.0,0.4449490010738373,0.7990467548370361,0.02598109096288681,0.0,0.4389861524105072,0.8017252683639526,0.025584541261196136,0.0
01,0.4037904143333435,0.8206160664558411,-1.0899399427444223e-07,0.0,0.40711677074432373,0.7761796116828918,0.014982008375227451,0.0,0.42078155279159546,0.7523792386054993,0.023766666650772095,0.0,0.43225938081741333,0.7418510913848877,0.03050180710852146,0.0,0.4405404031276703,0.7415755987167358,0.03693656250834465,0.0,0.43873634934425354,0.7319308519363403,0.017184406518936157,0.0,0.4554094076156616,0.7279202342033386,0.029688755050301552,0.0,0.4589226245880127,0.7317702770233154,0.03748880699276924,0.0,0.46033623814582825,0.732753574848175,0.04146251827478409,0.0,0.4459061622619629,0.7511758208274841,0.013179445639252663,0.0,0.4570653438568115,0.7523592710494995,0.02833283320069313,0.0,0.45218512415885925,0.7590548992156982,0.034049756824970245,0.0,0.4458285868167877,0.762444794178009,0.03523191809654236,0.0,0.44842204451560974,0.7752585411071777,0.01083365548402071,0.0,0.45202872157096863,0.776214599609375,0.025786513462662697,0.0,0.44623124599456787,0.7815041542053223,0.02811448834836483,0.0,0.43955546617507935,0.7845198512077332,0.02551448345184326,0.0,0.44938817620277405,0.7956950664520264,0.009532712399959564,0.0,0.4496104419231415,0.7960851788520813,0.021498380228877068,0.0,0.4445188343524933,0.7995051741600037,0.024537602439522743,0.0,0.43857917189598083,0.8019645810127258,0.024250270798802376,0.0
01,0.4036204218864441,0.8182728290557861,-8.691249320236238e-08,0.0,0.4062550365924835,0.7738739848136902,0.011974283494055271,0.0,0.4198293685913086,0.7509315609931946,0.0181395523250103,0.0,0.43293431401252747,0.7424702644348145,0.02225596271455288,0.0,0.44311803579330444,0.7476212978363037,0.026204116642475128,0.0,0.4369376599788666,0.7303591966629028,0.014014912769198418,0.0,0.4532161056995392,0.7249690294265747,0.023075932636857033,0.0,0.456000953912735,0.7298477292060852,0.028899144381284714,0.0,0.45685508847236633,0.731995701789856,0.031910449266433716,0.0,0.44521307945251465,0.749786913394928,0.009930547326803207,0.0,0.4570348858833313,0.7469114661216736,0.02103150449693203,0.0,0.45310720801353455,0.753542423248291,0.025422951206564903,0.0,0.44703319668769836,0.7580366730690002,0.026655288413167,0.0,0.44886234402656555,0.773445725440979,0.007103197276592255,0.0,0.45209863781929016,0.7724588513374329,0.01836308091878891,0.0,0.4470425248146057,0.7774139642715454,0.0206757765263319,0.0,0.44047752022743225,0.7811416387557983,0.019281605258584023,0.0,0.450021892786026,0.794013261795044,0.005023689940571785,0.0,0.450145423412323,0.7926206588745117,0.014784530736505985,0.0,0.44565701484680176,0.7956656813621521,0.018145857378840446,0.0,0.43972307443618774,0.7985527515411377,0.018829718232154846,0.0
01,0.4029384255409241,0.814131498336792,-1.1535706789800315e-07,0.0,0.4057812988758087,0.7689831852912903,0.008858229033648968,0.0,0.41965487599372864,0.7450012564659119,0.01270579919219017,0.0,0.4335893988609314,0.735869824886322,0.014871226623654366,0.0,0.44342371821403503,0.7376195788383484,0.017244912683963776,0.0,0.43633610010147095,0.7248846888542175,0.008561518974602222,0.0,0.45195263624191284,0.7194339036941528,0.013122444972395897,0.0,0.4492368996143341,0.7284073233604431,0.016075311228632927,0.0,0.44473809003829956,0.7328914403915405,0.017720673233270645,0.0,0.44439199566841125,0.7448670864105225,0.004530265461653471,0.0,0.4572727680206299,0.7380234003067017,0.011769832111895084,0.0,0.45262572169303894,0.7448898553848267,0.014996214769780636,0.0,0.4454681873321533,0.7501987218856812,0.015910424292087555,0.0,0.44865819811820984,0.7678499817848206,0.0014148404588922858,0.0,0.454851895570755,0.7630346417427063,0.009247838519513607,0.0,0.4500975012779236,0.7681330442428589,0.012310773134231567,0.0,0.4433029890060425,0.7728564739227295,0.012152156792581081,0.0,0.449972927570343,0.7887671589851379,-0.0012554444838315248,0.0,0.4529950022697449,0.7832283973693848,0.006246544886380434,0.0,0.44833049178123474,0.7865480780601501,0.010508876293897629,0.0,0.44248706102371216,0.7900879979133606,0.012345472350716591,0.0
01,0.4040525555610657,0.8077514171600342,-1.1912145936321394e-07,0.0,0.40338775515556335,0.7645741701126099,0.007701836060732603,0.0,0.41607844829559326,0.7355983853340149,0.012636573053896427,0.0,0.4296139180660248,0.7246888279914856,0.01602264493703842,0.0,0.4385211169719696,0.7246658205986023,0.01955283246934414,0.0,0.43401211500167847,0.7210689187049866,0.009579604491591454,0.0,0.45013943314552307,0.7055943012237549,0.013515225611627102,0.0,0.4471031725406647,0.7100331783294678,0.016148099675774574,0.0,0.4421583414077759,0.717078447341919,0.018078990280628204,0.0,0.44300588965415955,0.7403854131698608,0.006739778444170952,0.0,0.4553223252296448,0.7239266633987427,0.013211388140916824,0.0,0.44962623715400696,0.7272473573684692,0.016170579940080643,0.0,0.4432533383369446,0.7344416975975037,0.017313703894615173,0.0,0.44804999232292175,0.7610729336738586,0.004476187285035849,0.0,0.4573371112346649,0.7445616722106934,0.010832376778125763,0.0,0.45195358991622925,0.7465501427650452,0.013391302898526192,0.0,0.4459107518196106,0.7530468106269836,0.013492276892066002,0.0,0.4502939283847809,0.7790120244026184,0.0027328142896294594,0.0,0.45786964893341064,0.7639530301094055,0.008877246640622616,0.0,0.4535734951496124,0.7646596431732178,0.012926599942147732,0.0,0.4484681785106659,0.7704018354415894,0.014982649125158787,0.0
01,0.40193021297454834,0.7991214394569397,-1.0155405760770009e-07,0.0,0.3993549048900604,0.7558107972145081,0.0070863645523786545,0.0,0.4116958975791931,0.7214153409004211,0.011538214981555939,0.0,0.42537611722946167,0.7044753432273865,0.014705851674079895,0.0,0.433575302362442,0.7015194296836853,0.018072187900543213,0.0,0.4271669387817383,0.7095206379890442,0.006368378177285194,0.0,0.4472583830356598,0.6890860199928284,0.00965660996735096,0.0,0.44674432277679443,0.6920533776283264,0.012702559120953083,0.0,0.44326820969581604,0.6983035206794739,0.01504339836537838,0.0,0.43722355365753174,0.7292208671569824,0.0037988561671227217,0.0,0.45229676365852356,0.7091303467750549,0.009281088598072529,0.0,0.4467979371547699,0.7124439477920532,0.012837554328143597,0.0,0.44049131870269775,0.7189224362373352,0.014670591801404953,0.0,0.44362640380859375,0.7502201199531555,0.0019516197498887777,0.0,0.45517122745513916,0.7298251390457153,0.00741761177778244,0.0,0.4499690532684326,0.7317380905151367,0.010649137198925018,0.0,0.44391486048698425,0.7381646037101746,0.01155233383178711,0.0,0.44715744256973267,0.7684710025787354,0.0006847496260888875,0.0,0.456302285194397,0.7501826286315918,0.006644851062446833,0.0,0.4520467519760132,0.750658392906189,0.01130121760070324,0.0,0.4468875527381897,0.756604015827179,0.01392168365418911,0.0
01,0.39917588233947754,0.7926067113876343,-3.216950617002112e-08,0.0,0.3948899805545807,0.7491173148155212,0.008592949248850346,0.0,0.403651624917984,0.712374746799469,0.013993407599627972,0.0,0.4121706485748291,0.6869781613349915,0.01831427775323391,0.0,0.41716617345809937,0.672758162021637,0.02268729731440544,0.0,0.4205937087535858,0.7052926421165466,0.00799016747623682,0.0,0.44005677103996277,0.6782879829406738,0.012000595219433308,0.0,0.44864681363105774,0.6676740646362305,0.015419207513332367,0.0,0.4545915126800537,0.6607210040092468,0.01805352047085762,0.0,0.4310668706893921,0.7216378450393677,0.006148660089820623,0.0,0.4480504095554352,0.6944584846496582,0.012041890993714333,0.0,0.4479098916053772,0.688647985458374,0.017075540497899055,0.0,0.4452701210975647,0.6878475546836853,0.020591892302036285,0.0,0.43850499391555786,0.7402971386909485,0.00522313266992569,0.0,0.4528459906578064,0.7127742171287537,0.011741864494979382,0.0,0.4510610103607178,0.7077115774154663,0.017077922821044922,0.0,0.4472256004810333,0.7090955972671509,0.020107585936784744,0.0,0.44302627444267273,0.7578879594802856,0.004963620565831661,0.0,0.45397889614105225,0.7370655536651611,0.012246291153132915,0.0,0.4519043266773224,0.7324927449226379,0.017991336062550545,0.0,0.447702556848526,0.7347668409347534,0.021904831752181053,0.0
01,0.39620375633239746,0.7849286198616028,5.475774855767668e-08,0.0,0.38959643244743347,0.7438749670982361,0.004548993427306414,0.0,0.3962272107601166,0.7055572271347046,0.007260892074555159,0.0,0.40251627564430237,0.6757875680923462,0.009712878614664078,0.0,0.40213915705680847,0.6561470031738281,0.012204792350530624,0.0,0.4137055277824402,0.695598840713501,0.0035111091565340757,0.0,0.43258172273635864,0.6653504371643066,0.004487705882638693,0.0,0.44300687313079834,0.6509948372840881,0.005610805936157703,0.0,0.4502720832824707,0.6404443979263306,0.007013011258095503,0.0,0.42496195435523987,0.710959792137146,0.002760967705398798,0.0,0.4426937699317932,0.6793645024299622,0.006003513466566801,0.0,0.4508160650730133,0.664345920085907,0.008831667713820934,0.0,0.4553494453430176,0.6525898575782776,0.010750284418463707,0.0,0.4333548843860626,0.7286847829818726,0.0024847458116710186,0.0,0.447874516248703,0.6985610127449036,0.006172689143568277,0.0,0.4546515941619873,0.6822808384895325,0.008422189392149448,0.0,0.45787596702575684,0.6702006459236145,0.009459693916141987,0.0,0.4391469955444336,0.7455913424491882,0.0026668705977499485,0.0,0.44927409291267395,0.7218525409698486,0.007428895682096481,0.0,0.45181214809417725,0.7119107246398926,0.01114910189062357,0.0,0.45189422369003296,0.7049245834350586,0.01354551687836647,0.0
01,0.39264026284217834,0.7781420946121216,8.618862068487942e-08,0.0,0.3862230181694031,0.7375982403755188,0.0021691250149160624,0.0,0.38938188552856445,0.6989108324050903,0.0020183073356747627,0.0,0.3932516276836395,0.6667091846466064,0.001550857094116509,0.0,0.3908797800540924,0.6448305249214172,0.000903074280358851,0.0,0.4091433584690094,0.6878663897514343,-0.0012048583012074232,0.0,0.42694589495658875,0.6544650793075562,-0.002844074508175254,0.0,0.43699198961257935,0.6373794674873352,-0.00334825087338686,0.0,0.44451603293418884,0.6242212057113647,-0.0031840242445468903,0.0,0.41980883479118347,0.702106237411499,-0.0029337829910218716,0.0,0.43666109442710876,0.6658329367637634,-0.0034398443531244993,0.0,0.4458646774291992,0.6456866264343262,-0.0031596836633980274,0.0,0.4523754119873047,0.6303954720497131,-0.0029047734569758177,0.0,0.42806118726730347,0.7190969586372375,-0.004273711703717709,0.0,0.4425174295902252,0.6847359538078308,-0.0038709326181560755,0.0,0.4506778419017792,0.6643584370613098,-0.003413655562326312,0.0,0.4558688998222351,0.6485845446586609,-0.0032753630075603724,0.0,0.4343549311161041,0.7362233996391296,-0.005320418626070023,0.0,0.44561102986335754,0.7071665525436401,-0.004112567752599716,0.0,0.4508739411830902,0.6904333829879761,-0.0024347149301320314,0.0,0.45407962799072266,0.6760636568069458,-0.0011018803343176842,0.0
01,0.3919926583766937,0.7710329294204712,1.0111217108033088e-07,0.0,0.3828069865703583,0.7317021489143372,-0.00025452818954363465,0.0,0.3840958774089813,0.6916685104370117,-0.0015368975000455976,0.0,0.3868612051010132,0.6581208109855652,-0.002726523205637932,0.0,0.3828328251838684,0.6364864110946655,-0.0040666526183485985,0.0,0.4060947000980377,0.678805410861969,-0.003763343207538128,0.0,0.4225328862667084,0.6432516574859619,-0.006253240164369345,0.0,0.4322453737258911,0.6242648363113403,-0.007490784861147404,0.0,0.43976444005966187,0.6104786992073059,-0.0077768899500370026,0.0,0.4173770248889923,0.6928313374519348,-0.004740450996905565,0.0,0.43274930119514465,0.6526421308517456,-0.005291796755045652,0.0,0.44140464067459106,0.6295812726020813,-0.0051813870668411255,0.0,0.4480719268321991,0.6132524013519287,-0.005126994103193283,0.0,0.4260789155960083,0.7092010378837585,-0.005536647513508797,0.0,0.43932297825813293,0.6706606149673462,-0.005181752145290375,0.0,0.4467877745628357,0.6487047076225281,-0.00485855620354414,0.0,0.45205509662628174,0.6326600909233093,-0.0049219257198274136,0.0,0.432383269071579,0.7250584363937378,-0.0063089304603636265,0.0,0.4421299397945404,0.6955994367599487,-0.0054751187562942505,0.0,0.4473569691181183,0.6780595779418945,-0.004121472593396902,0.0,0.4514703154563904,0.6632498502731323,-0.0030303969979286194,0.0
01,0.39097920060157776,0.7634134292602539,9.984393045670004e-08,0.0,0.3808131515979767,0.7248756289482117,8.672023977851495e-05,0.0,0.3807609975337982,0.68508380651474,-0.0009726340067572892,0.0,0.3822040557861328,0.6511244773864746,-0.0020200193393975496,0.0,0.37757769227027893,0.6296975612640381,-0.00325866905041039,0.0,0.4037855267524719,0.6693800091743469,-0.0026135172229260206,0.0,0.4191265106201172,0.6330241560935974,-0.00474340096116066,0.0,0.4281764328479767,0.6134825944900513,-0.006023182533681393,0.0,0.4354122579097748,0.5987443923950195,-0.006451738066971302,0.0,0.4151955842971802,0.6822952628135681,-0.0035997475497424603,0.0,0.4294077157974243,0.64106684923172,-0.0038176486268639565,0.0,0.43765926361083984,0.6171478629112244,-0.0038066799752414227,0.0,0.4441482424736023,0.5995339155197144,-0.003929370082914829,0.0,0.4238883852958679,0.6979767680168152,-0.004428801592439413,0.0,0.43609511852264404,0.6586244106292725,-0.00381191773340106,0.0,0.4431573450565338,0.6361125111579895,-0.0038050434086471796,0.0,0.44814836978912354,0.618968665599823,-0.004187062382698059,0.0,0.4303829073905945,0.7133327126502991,-0.0052173808217048645,0.0,0.4398791193962097,0.6834526658058167,-0.004398845136165619,0.0,0.4449639916419983,0.6654683947563171,-0.003398111555725336,0.0,0.4490085244178772,0.6498240232467651,-0.0026243585161864758,0.0
01,0.3898145854473114,0.7554017305374146,1.0356898627605915e-07,0.0,0.37978965044021606,0.7157645225524902,0.003705218667164445,0.0,0.3798321783542633,0.6785274744033813,0.003784193890169263,0.0,0.3805132508277893,0.6455581188201904,0.003515553893521428,0.0,0.3753699064254761,0.6245765686035156,0.0029072279576212168,0.0,0.40283823013305664,0.6622694134712219,-0.0007453380967490375,0.0,0.41849619150161743,0.6243675947189331,-0.0013382609467953444,0.0,0.42736759781837463,0.6048790812492371,-0.0013779911678284407,0.0,0.43457284569740295,0.5893910527229309,-0.0009133428102359176,0.0,0.4143587648868561,0.6748460531234741,-0.0022453810088336468,0.0,0.4291146695613861,0.6321099996566772,-0.0019546514376997948,0.0,0.4374749958515167,0.6075016260147095,-0.0012144222855567932,0.0,0.4435606896877289,0.5898486375808716,-0.0007372917025350034,0.0,0.4228390157222748,0.6909270286560059,-0.002923673717305064,0.0,0.43530362844467163,0.6515511870384216,-0.0008494531502947211,0.0,0.44269317388534546,0.6287371516227722,0.00027860814589075744,0.0,0.4478093683719635,0.6116799712181091,0.0005707787349820137,0.0,0.4288634955883026,0.706656277179718,-0.0031337367836385965,0.0,0.4391117990016937,0.6757358312606812,-0.00018853810615837574,0.0,0.44432032108306885,0.6579322218894958,0.0022476138547062874,0.0,0.4483148753643036,0.6427136659622192,0.003870871849358082,0.0
01,0.3907328248023987,0.748466968536377,8.389609718051361e-08,0.0,0.38040730357170105,0.7087785601615906,0.005711582489311695,0.0,0.3805931806564331,0.6713966727256775,0.007428612560033798,0.0,0.38116711378097534,0.6393020749092102,0.008667745627462864,0.0,0.3757498264312744,0.6210941672325134,0.009559046477079391,0.0,0.4032360911369324,0.6562284827232361,0.0017585360910743475,0.0,0.41879263520240784,0.6190287470817566,0.002120045479387045,0.0,0.4276683032512665,0.5997686982154846,0.002713640918955207,0.0,0.4347866177558899,0.5845379829406738,0.003619292052462697,0.0,0.41488152742385864,0.6683506965637207,0.00021488337370101362,0.0,0.42977210879325867,0.6255024075508118,0.001129352138377726,0.0,0.43808239698410034,0.6017327904701233,0.0026477600913494825,0.0,0.4439753293991089,0.5840847492218018,0.003843333339318633,0.0,0.42349761724472046,0.6837673187255859,-0.00036658928729593754,0.0,0.4359683096408844,0.6439884901046753,0.0023337765596807003,0.0,0.44316545128822327,0.6216777563095093,0.004201429430395365,0.0,0.44801977276802063,0.6051054000854492,0.005207352340221405,0.0,0.429579496383667,0.6992070078849792,-0.0002991764049511403,0.0,0.4399299621582031,0.6679962277412415,0.00365817965939641,0.0,0.4451450705528259,0.6503235101699829,0.006815923377871513,0.0,0.44903841614723206,0.6358480453491211,0.008974906988441944,0.0
01,0.3915911316871643,0.7430276274681091,8.687765529202807e-08,0.0,0.38155385851860046,0.7028360962867737,0.005704662762582302,0.0,0.38183674216270447,0.6659889817237854,0.007422205992043018,0.0,0.38175979256629944,0.6343520879745483,0.008538199588656425,0.0,0.375369668006897,0.6170312762260437,0.00929233431816101,0.0,0.40495872497558594,0.6507495045661926,0.003195484634488821,0.0,0.42058077454566956,0.6137743592262268,0.004274026490747929,0.0,0.4293994903564453,0.5946741104125977,0.005124111659824848,0.0,0.4362960159778595,0.5795061588287354,0.0060575432144105434,0.0,0.41659530997276306,0.6629441976547241,0.0016601353418081999,0.0,0.4311351776123047,0.6209872961044312,0.0032649505883455276,0.0,0.439351886510849,0.597592830657959,0.0048606907948851585,0.0,0.4451957643032074,0.5803223848342896,0.0060055311769247055,0.0,0.42500144243240356,0.6785501837730408,0.0010145496344193816,0.0,0.4371418058872223,0.6395195126533508,0.004318620543926954,0.0,0.44449400901794434,0.6178543567657471,0.0062863207422196865,0.0,0.44941264390945435,0.6018251776695251,0.007195165380835533,0.0,0.4307250380516052,0.6943321824073792,0.0009696902707219124,0.0,0.44080835580825806,0.6640467047691345,0.005400378257036209,0.0,0.4461025893688202,0.6469719409942627,0.008784240111708641,0.0,0.4500932991504669,0.6331348419189453,0.010982132516801357,0.0
01,0.392707496881485,0.7392079830169678,7.909478938472603e-08,0.0,0.3831978142261505,0.6977243423461914,0.007089031860232353,0.0,0.383663535118103,0.6611391305923462,0.00957157090306282,0.0,0.3831730782985687,0.6303870677947998,0.01126537099480629,0.0,0.3758101761341095,0.6136558651924133,0.012585961259901524,0.0,0.4068755805492401,0.6462181210517883,0.005563649348914623,0.0,0.4225989878177643,0.6096006631851196,0.00794311985373497,0.0,0.4314357340335846,0.5910513997077942,0.009362413547933102,0.0,0.43832483887672424,0.5760839581489563,0.01045685913413763,0.0,0.41851067543029785,0.6576721668243408,0.003824623767286539,0.0,0.43301478028297424,0.6163063645362854,0.006672854535281658,0.0,0.4411761164665222,0.5943017601966858,0.00856105424463749,0.0,0.44714632630348206,0.5776945352554321,0.009671849198639393,0.0,0.42676448822021484,0.6732659935951233,0.0030922172591090202,0.0,0.4389275014400482,0.6350355744361877,0.007605308201164007,0.0,0.4461412727832794,0.6143453121185303,0.009790764190256596,0.0,0.45108234882354736,0.5987564325332642,0.010490302927792072,0.0,0.4325239956378937,0.6897483468055725,0.0030708585400134325,0.0,0.4425917863845825,0.6600505113601685,0.00852352473884821,0.0,0.4477497637271881,0.6438432931900024,0.012268438003957272,0.0,0.4517262578010559,0.6304913759231567,0.014462517574429512,0.0
01,0.3936085104942322,0.7368906736373901,6.732334867365353e-08,0.0,0.38464054465293884,0.6951384544372559,0.008440054953098297,0.0,0.38522371649742126,0.6582831144332886,0.011459647677838802,0.0,0.3845515847206116,0.6278560757637024,0.01347644068300724,0.0,0.37703827023506165,0.6114577054977417,0.01508591789752245,0.0,0.4078189432621002,0.6439540386199951,0.006434133276343346,0.0,0.4239956736564636,0.6070100665092468,0.008838362991809845,0.0,0.4330925941467285,0.5885615348815918,0.010477428324520588,0.0,0.44004034996032715,0.5740454196929932,0.011841936968266964,0.0,0.419400691986084,0.6549831628799438,0.004096026066690683,0.0,0.43469521403312683,0.6132766008377075,0.007068631239235401,0.0,0.4432007670402527,0.5916992425918579,0.009316647425293922,0.0,0.44909968972206116,0.5757084488868713,0.010778678581118584,0.0,0.4278580844402313,0.6701959371566772,0.0028285644948482513,0.0,0.44061413407325745,0.6310931444168091,0.007406823802739382,0.0,0.4480067491531372,0.6104455590248108,0.009814891032874584,0.0,0.4528133273124695,0.5952385663986206,0.010750235989689827,0.0,0.43386149406433105,0.6865129470825195,0.0024057840928435326,0.0,0.44426438212394714,0.6556699275970459,0.007972502149641514,0.0,0.44956570863723755,0.6394624710083008,0.011878147721290588,0.0,0.45329445600509644,0.6264822483062744,0.01422786246985197,0.0
01,0.39507555961608887,0.7354568839073181,5.601660291176813e-08,0.0,0.38581565022468567,0.6931236982345581,0.010506498627364635,0.0,0.3861656188964844,0.6568838357925415,0.01465584710240364,0.0,0.3855319619178772,0.626964807510376,0.017688794061541557,0.0,0.3783538341522217,0.610722541809082,0.02041235752403736,0.0,0.408954381942749,0.6420460343360901,0.008429520763456821,0.0,0.42480671405792236,0.6052960157394409,0.0117836594581604,0.0,0.4337579607963562,0.5872372984886169,0.014044986106455326,0.0,0.4406445026397705,0.5727596282958984,0.015843307599425316,0.0,0.42038580775260925,0.6525382995605469,0.005906479433178902,0.0,0.4358730912208557,0.6106945276260376,0.009320915676653385,0.0,0.44443267583847046,0.5899500250816345,0.011972119100391865,0.0,0.45039471983909607,0.5740967988967896,0.013790186494588852,0.0,0.4287775754928589,0.6673241853713989,0.004706847481429577,0.0,0.44171029329299927,0.6282256245613098,0.009809697978198528,0.0,0.44911566376686096,0.6079033017158508,0.012583998031914234,0.0,0.45402780175209045,0.5928258895874023,0.013851898722350597,0.0,0.4348372519016266,0.6834946274757385,0.0046129184775054455,0.0,0.44545426964759827,0.652352511882782,0.011201106943190098,0.0,0.4506600499153137,0.6361815333366394,0.015706593170762062,0.0,0.4543885886669159,0.6234599351882935,0.01844174787402153,0.0
